Name,ID
Yale Nemerson,['ur.01277425615.41']
Elia Ayoub,['ur.0735577112.30']
John Dietschy,['ur.01025071275.97']
Yale Enson,['ur.0101401022.42']
Mehran Goulian,['ur.0110335427.79']
Norman Javitt,['ur.014367154157.97']
Hermes Kontos,['ur.01365573305.13']
Gilbert Levinson,['ur.063473265.70']
Harvey Marver,['ur.0103350205.47']
Harold Neu,['ur.0770536113.50']
Arthur Eisen,['ur.01205720337.52']
Barry Fanburg,['ur.01371673556.42']
Dorothea Zucker-Franklin,['ur.053601322.36']
Nathan Zvaifler,['ur.0105303412.71']
Phyllis Bodel,['ur.052632615.36']
Sidney Cooperband,['ur.056035721.35']
Jacques Kessler,['ur.0103451421.33']
Stanley Korenman,['ur.054037724.92']
Gildon Beall,['ur.0745507037.13']
Neil Cherniack,['ur.01115513255.09']
Blas Frangione,['ur.01346307176.17']
Irwin Freedberg,['ur.0751444026.49']
Thomas Merimee,['ur.070327605.06']
I Samloff,['ur.047134623.93']
Wadi Suki,['ur.01162021515.51']
Shirley Ebbe,['ur.01240650601.63']
Clyde Bardin,['ur.012322211332.27']
Ward Bullock,['ur.0722437767.92']
Jack Coburn,['ur.057162657.14']
Richard Levere,['ur.01120432047.56']
Michael Mosesson,['ur.015122611337.60']
Ursula Muller-Eberhard,['ur.065441563.04']
Leon Sabath,['ur.052345724.22']
Burton Sobel,['ur.01255545437.45']
Martin Surks,['ur.0615233566.88']
Siamak Adibi,['ur.01160461772.93']
Carl Bentzel,['ur.01173542743.88']
Kevin Catt,['ur.01062710551.51']
Wallace Clyde,['ur.0604674001.96']
Harvey Colten,['ur.0713143534.23']
Bernard Forget,['ur.01061255657.32']
Eugene Frenkel,['ur.0105070462.54']
Jared Grantham,['ur.013741776477.58']
Mitchell Halperin,['ur.0634305514.71']
Leon Hoyer,['ur.01243144546.88']
Jamshid Javid,['ur.066764457.21']
Marshall Lichtman,['ur.01224770411.99']
Ruy Lourenco,['ur.0105167756.85']
John Salvaggio,['ur.0110452137.82']
Manning Thaler,['ur.0107305341.81']
Harry Beaty,['ur.053552725.23']
Viktor Bokisch,['ur.067314304.25']
Inder Chopra,['ur.01161623132.59']
Darrell Fanestil,['ur.065312163.22']
Alexander Fefer,['ur.0100115522.65']
Darryl Granner,['ur.010704766044.23']
Ronald Kalkhoff,['ur.052212163.08']
Sanford Krantz,['ur.0622452513.91']
Sheldon Rothenberg,['ur.01132362500.17']
John Voorhees,['ur.01144600536.45']
Joseph Warshaw,['ur.01327560533.39']
Aubie Angel,['ur.01242453510.02']
Edgar Cathcart,['ur.01133267027.05']
Mortimer Civan,['ur.0673454003.15']
Coy Fitch,['ur.0100334157.02']
Franklyn Knox,['ur.01135051561.21']
Julian Niemetz,['ur.0112767513.11']
Jeremiah Silbert,['ur.0720403045.44']
Antero So,['ur.01021113321.80']
Frank Stockdale,['ur.077567555.00']
Leonard Jarett,['ur.01347725216.99']
Edwin Beachey,['ur.01365524565.68']
Stanley Birge,['ur.01067473175.85']
Guenther Boden,['ur.01304430314.14']
Donald Castell,['ur.01335607170.34']
Willard Daggett,['ur.0714217163.19']
Vincent Discala,['ur.074512464.09']
Aron Fisher,['ur.01360652102.21']
Harvey Gralnick,['ur.0653122372.66']
Khursheed Jeejeebhoy,['ur.01027555135.23']
George Kaloyanides,['ur.0113073505.56']
Laurence Kedes,['ur.014777410327.76']
Robert Orange,['ur.072330537.93']
Hugo Jasin,['ur.01161777342.36']
Robert Adelstein,['ur.01274046465.50']
Joseph Avruch,['ur.01074100404.77']
Roland Blantz,['ur.01064334401.20']
John Brunzell,['ur.0620666024.50']
Frederick DeRubertis,['ur.01141346353.49']
Kenneth Gabbay,['ur.0717212123.10']
Jack Hawiger,['ur.010760566354.87']
Micheline Mathews-Roth,['ur.0106420001.97']
Ward Olsen,['ur.015621773264.02']
Ruy Soeiro,['ur.0702451700.67']
Bobby Stinebaugh,['ur.0103421055.06']
Andre Van Herle,['ur.046322757.06']
Kirk Wuepper,['ur.055577330.41']
Ashley Haase,['ur.01326661540.74']
Philip Askenase,['ur.0707235634.37']
Philip Coffino,['ur.01032407212.73']
Raphael Dolin,['ur.01315101707.18']
Dwain Eckberg,['ur.01330025277.57']
Glenn Peake,['ur.01312714517.94']
Daniel Roncari,['ur.055156511.56']
Irwin Scher,['ur.051627001.58']
Isaias Spilberg,['ur.01170420345.15']
Gordon Weir,['ur.01216727245.57']
Otto Goetze,['ur.014030620012.48']
Nicholas Kredich,['ur.0763567002.34']
Chang-Seng Liang,['ur.0752122552.59']
Makio Ogawa,['ur.012261630322.11']
Sheldon Pinnell,['ur.0702413542.58']
Matthew Rechler,['ur.071502227.17']
David Rosenstreich,['ur.0716730202.22']
Shigeru Sassa,['ur.01260500466.30']
Babette Weksler,['ur.01351646547.75']
Thalia Papayannopoulou,['ur.016531141257.18']
David Bilheimer,['ur.013441053107.09']
Neil Blacklow,['ur.0100464437.49']
Mark Entman,['ur.012772670437.26']
Philip Guzelian,['ur.01037317567.10']
David Kleinberg,['ur.01137756763.04']
Ione Kourides,['ur.01306056457.74']
Rob MacGregor,['ur.01323725124.37']
Charles Mansbach,['ur.01266342401.36']
Harry Margolius,['ur.0612054261.54']
Philip Schein,['ur.071644501.94']
Richard Shadduck,['ur.01360551575.15']
William Yarger,['ur.01116362437.96']
Jouni Uitto,['ur.011756021477.10']
Blanche Alter,['ur.01145461404.61']
Merrill Benson,['ur.0630027464.43']
Herbert Bonkovsky,['ur.0747161456.53']
Raymond Burk,['ur.01326520265.81']
EDWARD CRANDALL,['ur.0747561545.16']
Bertram Felsher,['ur.073646005.12']
Marvin Gershengorn,['ur.01337042652.97']
Sherman Levine,['ur.0775220057.44']
Willis Maddrey,['ur.01122634607.84']
Howard Nankin,['ur.01041267517.62']
Thomas Provost,['ur.01066416153.51']
Detlef Schlondorff,['ur.0631616531.98']
Manjeri Venkatachalam,['ur.01225547501.90']
Roger Winkle,['ur.01147356113.66']
Jr. Benz,['ur.01177243765.40']
Tomas Berl,['ur.01075023337.00']
Steven Burakoff,['ur.01007001471.61']
Leon Fine,['ur.01323237522.19']
Ralph Giannella,['ur.01231041637.37']
Nortin Hadler,['ur.0677157243.68']
Keith Hruska,['ur.01103241125.97']
J. Kolhouse,['ur.0750646733.23']
Douglas Lowy,['ur.011446042637.05']
Aubrey Morrison,['ur.01113146030.98']
Carl Pepine,['ur.013762667337.28']
Arnold Postlethwaite,['ur.01055556723.00']
Alex Rabinovitch,['ur.01346240462.26']
Elliot Rayfield,['ur.01207552345.57']
Arleen Rifkind,['ur.0621030446.00']
Morris Schambelan,['ur.0102433731.31']
Eugene Straus,['ur.01002251711.59']
Bevra Hahn,['ur.07513071212.08']
Carl Nathan,['ur.0740455253.29']
Zalman Agus,['ur.01332355273.62']
Carl Apstein,['ur.01225171763.21']
Jay Berzofsky,['ur.01043742346.49']
Barton Haynes,['ur.012332732537.73']
Carl Leier,['ur.015572344117.13']
Meyer Lifschitz,['ur.0734220567.62']
James Niedel,['ur.01043015516.87']
John Repine,['ur.012226113657.42']
Anton Schoolwerth,['ur.01260062126.48']
Sanford Shattil,['ur.0103102412.32']
F. Toback,['ur.0741330002.15']
George Wilner,['ur.01140220037.74']
Allan Wolkoff,['ur.01136354062.19']
Stephen Zinner,['ur.01021210130.06']
Thomas Lawley,['ur.01133451070.97']
Itamar Abrass,['ur.0737034617.62']
Robert Bast Jr.,['ur.012331422137.36']
Barry Festoff,['ur.052772662.71']
Fred Finkelman,['ur.0652635006.60']
Curt Freed,['ur.01140751111.99']
Harvey Golomb,['ur.01152404751.28']
Charles Homcy,['ur.064446050.15']
Mae Hultin,['ur.01112364336.85']
Vanda Lennon,['ur.0575723637.50']
Thurman McKinney,['ur.01305767605.92']
Bruce Nisula,['ur.0665544671.41']
Ivor Royston,['ur.01125066005.24']
Glen Van Loon,['ur.0656712353.96']
Ronald Whisler,['ur.0657415202.19']
Reed Wickner,['ur.0711651377.29']
Iekuni Ichikawa,['ur.0716254467.38']
Douglas Cines,['ur.0677731563.23']
Martin Cogan,['ur.0731357426.44']
Theodore Gabig,['ur.01072513462.18']
Louis Lange,['ur.01126051654.01']
Mercio Perrin,['ur.01361155126.55']
Zaverio Ruggeri,['ur.0610325312.98']
Allen Steere,['ur.01052600064.98']
William Stenson,['ur.01101357510.82']
Jimmie Sylvester,['ur.0733263207.26']
Robert Yolken,['ur.015256461622.27']
Ernesto Canalis,['ur.01246623425.29']
Clifton Bogardus,['ur.01346142621.31']
Kiertisin Dharmsathaphorn,['ur.01015651621.72']
Boris Draznin,['ur.01151345414.67']
Leslie Hillis,['ur.01242325500.75']
Marguerite Kay,['ur.011411421337.71']
Stanley Korsmeyer,['ur.01060743620.36']
Anne Nicholson-Weller,['ur.01112475503.47']
Jerry Radziuk,['ur.01160751167.95']
Edward Shortliffe,['ur.01302067362.24']
Jess Thoene,['ur.01225466430.62']
Allan Pack,['ur.014136312017.32']
Bennett Blitzer,['ur.01142616362.27']
Gerry Boss,['ur.01217032657.75']
Gary Brittenham,['ur.0653017245.35']
Dan Granoff,['ur.0664252775.48']
Henry Hulter,['ur.0111510653.49']
Vishwanath Lingappa,['ur.01146211452.37']
Virginia Savin,['ur.011164443717.74']
Arthur Slutsky,['ur.0676632646.68']
Frederick Southwick,['ur.01350703006.10']
Joseph Verbalis,['ur.01157327243.98']
Samuel Santoro,['ur.01345531157.31']
Greti Aguilera,['ur.01307740237.22']
Celso Gomez-Sanchez,['ur.015105677677.40']
Mark Knepper,['ur.01321354236.49']
Roger Perlmutter,['ur.01072037264.42']
Salvatore Pizzo,['ur.01216472205.69']
Kenneth Polonsky,['ur.01221713604.51']
Paul Sondel,['ur.01101570400.85']
Howard Welgus,['ur.065230134.38']
Mark Zern,['ur.01201656612.94']
Lee Nadler,['ur.0753443440.69']
Christine Abrass,['ur.0702771071.12']
David Benditt,['ur.01175471261.07']
Loran Clement,['ur.01267651242.46']
Andre De Troyer,['ur.01110763154.52']
Douglas Faller,['ur.01274361400.12']
James Gadek,['ur.063653037.37']
Jeffrey Kudlow,['ur.0762656205.09']
Henry Masur,['ur.01255302340.86']
Phillip Pizzo,['ur.012563065204.62']
Edward Prochownik,['ur.015016321337.89']
William Scheld,['ur.01271341606.29']
James Shelhamer,['ur.01034525706.01']
Manikkam Suthanthiran,['ur.01055764270.32']
William Tamborlane,['ur.014041244377.34']
Owen Witte,['ur.0721120124.57']
Wishwa Kapoor,['ur.01254045526.51']
Jonathan Ashwell,['ur.01306576276.19']
Bruce Beutler,['ur.01341052376.68']
David Bushinsky,['ur.01316247023.50']
Mario Chojkier,['ur.0102123415.07']
Charles Czeisler,['ur.0707242143.09']
Clark Distelhorst,['ur.01154550601.10']
Subhash Kukreja,['ur.01062534762.61']
Joseph Majzoub,['ur.0765421661.26']
Cary Mariash,['ur.01221232163.40']
Robert Meenan,['ur.01307516763.51']
Reed Pyeritz,['ur.0744465762.69']
Alvin Schmaier,['ur.014144017545.24']
II Thomas,['ur.0623262740.47']
Eric Topol,['ur.0731336524.18']
Robert Califf,['ur.01042151240.70']
Lawrence Samelson,['ur.0772355732.83']
Carmen Allegra,['ur.0736106170.33']
Akhil Bidani,['ur.01064433422.44']
Gordon Ginder,['ur.0752765456.96']
Michael Goligorsky,['ur.01214375371.45']
Yusuf Hannun,['ur.0706130231.54']
Anne Klibanski,['ur.0630661505.97']
Richard Kolesnick,['ur.01277724577.12']
Theodore Krontiris,['ur.0647545076.53']
Jeffrey Leiden,['ur.0600436375.25']
John Lollar,['ur.0602664374.19']
York Miller,['ur.0600050640.33']
Chikao Morimoto,['ur.01257751664.41']
Mortimer Poncz,['ur.011401601037.34']
Lanny Rosenwasser,['ur.01156200275.54']
Julian Solway,['ur.0616357771.60']
Joel Taurog,['ur.0615524341.08']
Petros Tsipouras,['ur.01351762701.50']
Carl-Wilhelm Vogel,['ur.0611137240.46']
Janis Abkowitz,['ur.07365743047.65']
Marilyn Telen,['ur.0741177060.19']
Andres Blei,['ur.01236756320.61']
Allan Detsky,['ur.016210700061.88']
Francisco Gonzalez-Scarano,['ur.0102251521.31']
Frederick Gorelick,['ur.01114017073.53']
Carl June,['ur.014235534277.63']
Dennis Klinman,['ur.01252416533.07']
Neil Reiner,['ur.01335247766.01']
Victor Schuster,['ur.010707121234.89']
Harry Shamoon,['ur.0623351271.28']
Elizabeth Nabel,['ur.01065024137.49']
William Nauseef,['ur.0651332106.96']
Perumal Thiagarajan,['ur.01165200501.93']
Mark Zeidel,['ur.01340412425.56']
Bradley Britigan,['ur.0720013116.88']
George Caughey,['ur.0731571070.25']
Israel Charo,['ur.016337611277.13']
Arthur Gutierrez-Hartmann,['ur.01007263401.00']
V. Holers,['ur.01364413472.54']
John Kehrl,['ur.010416624237.26']
Daniel Rotrosen,['ur.01006031751.08']
Steven Shoelson,['ur.01021130270.20']
Gregory Vercellotti,['ur.015676236177.39']
Katherine Hajjar,['ur.01320571066.70']
Jeff Sands,['ur.01112411132.31']
Elliot Androphy,['ur.0706401556.06']
Barbara Ballermann,['ur.0630632272.79']
Luiz Belardinelli,['ur.01016751310.55']
Peter Bitterman,['ur.01133367346.77']
Karol Bomsztyk,['ur.0611642544.54']
John Cowdery,['ur.01040621322.83']
Jörg Goronzy,['ur.01025271203.51']
Richard Granstein,['ur.066402533.95']
Lisa Iezzoni,['ur.0716700712.01']
Seigo Izumo,['ur.01236367336.23']
Donald Kohan,['ur.01202645067.18']
Alan Krensky,['ur.01322023063.43']
Elias Lianos,['ur.01076655475.08']
Charles Natanson,['ur.0652122055.36']
Michael Selsted,['ur.015352363614.30']
James Shayman,['ur.01300670354.66']
Steven Spitalnik,['ur.0630221300.13']
Mary Sunday,['ur.01050616075.82']
Larry Tobacman,['ur.01372654133.72']
Dale Umetsu,['ur.0626116504.78']
Cornelia Weyand,['ur.016037521777.49']
Jay Zweier,['ur.014544026677.21']
Karl Nath,['ur.0621613670.95']
Bishr Omary,['ur.014730211054.29']
Fuad Ziyadeh,['ur.0761676730.05']
Peter Arvan,['ur.01002760245.88']
Webster Cavenee,['ur.012740223223.69']
Fabio Cominelli,['ur.0620555626.93']
Mary Dinauer,['ur.0651722340.16']
Samuel Hawgood,['ur.013155066547.55']
Brian Kobilka,['ur.01107022045.13']
Howard Lippton,['ur.01236526331.24']
Sanford Markowitz,['ur.015750001717.89']
Thomas Pallone,['ur.01122016026.09']
William Petri Jr.,['ur.012610556027.35']
Peter St. George-Hyslop,['ur.01272213066.16']
Jonathan Stamler,['ur.0673753523.71']
Laurence Turka,['ur.01315400021.90']
Stephen Wank,['ur.01014762776.19']
Fredric Wondisford,['ur.0575545206.08']
Troyen Brennan,['ur.01331435353.26']
Richard Bucala,['ur.013151720017.63']
Phillip Chance,['ur.01224060372.64']
John DiPersio,['ur.0755514036.46']
Lee Helman,['ur.01051423553.47']
Harald Jüppner,['ur.0106121602.29']
Thomas Kleyman,['ur.01134462774.93']
Gary Koretzky,['ur.01325632021.52']
Joan Kreiss,['ur.0727765034.53']
Laurence McMahon,['ur.012104761257.50']
Westley Reeves,['ur.015510134432.24']
Barrett Rollins,['ur.01322200237.75']
Robert Star,['ur.0706001031.03']
CY Stein,['ur.011234664717.69']
Mary Tinetti,['ur.0621050500.59']
Peter Igarashi,['ur.01207143557.99']
Sally Radovick,['ur.01345726370.58']
Virginia Broudy,['ur.01176653602.55']
Sherin Devaskar,['ur.01030214547.07']
Robert Doms,['ur.0726513326.02']
Pascal Goldschmidt-Clermont,['ur.01115362635.66']
Douglas Golenbock,['ur.01246314570.56']
Razelle Kurzrock,['ur.0772022470.64']
Stephen Meltzer,['ur.01033746104.09']
Mark Musen,['ur.01356117464.07']
Stephen Nimer,['ur.0657552271.41']
Dwain Thiele,['ur.01272072077.09']
Hagop Youssoufian,['ur.0643440511.18']
Ferric Fang,['ur.01121315670.74']
Donald Landry,['ur.0646271436.68']
Michael Parmacek,['ur.01234756730.32']
Wadie Bahou,['ur.01344055300.40']
Roberto Civitelli,['ur.0754007721.11']
Terence Dermody,['ur.01372314464.01']
Erol Fikrig,['ur.01312272166.40']
Alfred George Jr.,['ur.07420031403.62']
Richard Kitsis,['ur.01175742446.56']
Alan Kopin,['ur.01342231200.09']
Juanita Merchant,['ur.01200341421.80']
Ori Rotstein,['ur.01361663050.08']
Mark Schlissel,['ur.0654100716.33']
Robert Seder,['ur.0704216004.06']
Stefan Somlo,['ur.0613627742.50']
Howard Worman,['ur.01037567300.85']
Wafik El-Deiry,['ur.01320537310.58']
Robert Farese Jr.,['ur.010616253707.83']
Andrew Karaplis,['ur.0622300504.22']
Richard Koup,['ur.01240331671.16']
Donna Mancini,['ur.01260056524.04']
Paul McCray Jr.,['ur.012736403121.07']
Michel Nussenzweig,['ur.0747627025.50']
Marc Reitman,['ur.0754355623.51']
Marschall Runge,['ur.01221036340.24']
Clay Semenkovich,['ur.0753760235.39']
Philip Shaul,['ur.015253471557.49']
Virend Somers,['ur.01004656642.21']
Raymond Warrell,['ur.01311602010.22']
George Yancopoulos,['ur.01274702531.47']
Jonathan Barasch,['ur.0634104106.31']
David Virshup,['ur.01257716635.83']
Mone Zaidi,['ur.01033627435.43']
Mario Capecchi,['ur.0612270466.89']
Timothy Cover,['ur.0755340136.89']
Linda Demer,['ur.01275466263.45']
Iswar Hariharan,['ur.0612735026.41']
Kirk Knowlton,['ur.01321112106.55']
Larry Moreland,['ur.01164505111.49']
William Skach,['ur.0603523346.14']
Francis Spinale,['ur.0612643232.34']
Jerry Vockley,['ur.01172556164.02']
Per Westermark,['ur.01006211233.89']
Jeffrey Balser,['ur.01107664536.85']
Lionel Ivashkiv,['ur.01340413302.95']
David Nanus,['ur.0666217770.24']
Allan Brasier,['ur.0641133151.51']
Ethel Cesarman,['ur.010354631757.33']
Augustine Choi,['ur.014051624337.94']
Michael Donnenberg,['ur.01201060406.46']
Serpil Erzurum,['ur.01307127066.72']
Glenn Fishman,['ur.0757734310.99']
David Harlan,['ur.01107602660.28']
Stella Kourembanas,['ur.01113441707.90']
Jonathan Kurie,['ur.015150666017.55']
Jonathan Licht,['ur.0660223576.18']
MacRae Linton,['ur.01326031522.43']
Keith McCrae,['ur.0657530756.17']
Orson Moe,['ur.01002056472.36']
Lloyd Cantley,['ur.012165654677.03']
Fadi Lakkis,['ur.01250743131.99']
William Bishai,['ur.0624476515.28']
Peter Carmeliet,['ur.01033041553.19']
Lewis Chodosh,['ur.01027647073.78']
Marie Demay,['ur.01260410553.34']
Jennifer Grandis,['ur.01201503470.99']
Charles Lowenstein,['ur.010106671017.42']
Anne Moscona,['ur.0643475446.79']
Warren Pear,['ur.01116244651.73']
David Pellman,['ur.01156360632.48']
Anthony Wynshaw-Boris,['ur.01312427622.05']
John Wysolmerski,['ur.0614453416.31']
Christopher Karp,['ur.01225126262.18']
Wadih Arap,['ur.013303034437.60']
Serdar Bulun,['ur.0641515534.52']
Bruce Conklin,['ur.01333157723.84']
Kenneth Freedberg,['ur.01007601275.21']
Joseph Heitman,['ur.01125225044.68']
Larry Kwak,['ur.012503557017.43']
Louis Luttrell,['ur.012561325357.16']
Louis Muglia,['ur.014754421537.43']
Peter Mundel,['ur.01040233763.03']
Ellis Neufeld,['ur.01017443554.56']
Douglas Nixon,['ur.012521445402.96']
Ariel Pablos-Mendez,['ur.0604100243.29']
Richard Quigg,['ur.0635763137.76']
Theodore Standiford,['ur.015014473357.17']
Luc Teyton,['ur.0715310154.73']
Andrew Blauvelt,['ur.01317345752.47']
Fabio Candotti,['ur.01114542411.82']
Preet Chaudhary,['ur.015264075137.21']
Maripat Corr,['ur.010600637157.24']
Phyllis Dennery,['ur.01277365703.50']
Mary Disis,['ur.01165771723.17']
Glenn Dranoff,['ur.01002076313.06']
Samir El-Dahr,['ur.01211742755.37']
Paul Frenette,['ur.016616142042.21']
I-Cheng Ho,['ur.0764577653.99']
Clay Marsh,['ur.01067422171.15']
Jorge Plutzky,['ur.01146472616.47']
Theodora Ross,['ur.01033070736.59']
Barry Sleckman,['ur.01115412332.53']
Dwight Towler,['ur.011122213674.07']
Flordeliza Villanueva,['ur.0606520215.55']
Rexford Ahima,['ur.01317072404.15']
Crystal Mackall,['ur.0644163123.96']
Carol Mangione,['ur.0703105717.40']
Rhoda Alani,['ur.0744431504.68']
José Baselga,['ur.01063677263.55']
Tamara Doering,['ur.01313356712.60']
Daniel Eitzman,['ur.0707347445.42']
Elizabeth Henske,['ur.01244765354.89']
Alp Ikizler,['ur.01210642425.39']
Hans-Peter Kiem,['ur.01350411276.47']
Sharon Moe,['ur.01205600534.26']
Kelle Moley,['ur.01203460064.68']
Alessandra Pernis,['ur.01366200252.53']
Kenneth Pienta,['ur.013271155377.15']
Ernestina Schipani,['ur.01110701370.06']
Ramesh Shivdasani,['ur.0666246216.28']
Andrea Todisco,['ur.01236772504.97']
Pier Pandolfi,['ur.01355745464.73']
Susan Quaggin,['ur.01065272160.75']
Joseph Zabner,['ur.0715343137.38']
George Gittes,['ur.01307216424.37']
Julie Saba,['ur.01352644654.67']
Shanthi Sitaraman,['ur.014245472677.03']
John Spertus,['ur.01212501203.03']
Kai Wucherpfennig,['ur.01342205752.62']
Jayakrishna Ambati,['ur.0733426416.91']
George Cotsarelis,['ur.0665451323.77']
Kenneth Covinsky,['ur.015415235177.37']
David Engman,['ur.01112672004.80']
John Frangioni,['ur.01153672301.91']
Tejvir Khurana,['ur.014505252207.17']
Fadlo Khuri,['ur.01057764272.14']
Christos Mantzoros,['ur.014006214657.80']
Scott Plevy,['ur.0605173564.47']
Chaim Putterman,['ur.01121735072.06']
Doris Stoffers,['ur.01205103105.56']
Marcus Altfeld,['ur.01235116353.64']
Frank Anania,['ur.0730304123.13']
Gerard Blobe,['ur.0754271650.99']
Ivan Fuss,['ur.01025737641.97']
Sanjiv Gambhir,['ur.0616337446.39']
Steve Georas,['ur.01266174106.03']
Michael Girardi,['ur.01143314231.31']
Todd Golub,['ur.01152644406.14']
Robert Heuckeroth,['ur.01365052013.37']
Pasi Janne,['ur.0767133752.11']
Igor Koralnik,['ur.01342420117.42']
Barry Paw,['ur.01372633162.92']
Warren Shlomchik,['ur.0633511062.24']
Chloe Thio,['ur.01244336023.55']
Kevin Volpp,['ur.01121642400.62']
Dan Barouch,['ur.0644324362.10']
David Hackam,['ur.016365175357.79']
Rulan Parekh,['ur.0637647532.17']
Murat Arcasoy,['ur.01365700023.08']
Valder Arruda,['ur.01035106403.91']
Phillip Febbo,['ur.01031472200.54']
Tina Hartert,['ur.01145642531.34']
JeanMarie Houghton,['ur.014652421020.78']
Samir Khleif,['ur.01240104744.46']
Keith March,['ur.0763046066.09']
Ari Melnick,['ur.01364576130.10']
Vamsi Mootha,['ur.01022252731.58']
Mary Patti,['ur.01236117732.88']
Stephanie Seminara,['ur.01026162025.21']
John Stamatoyannopoulos,['ur.01107035267.40']
Sapna Syngal,['ur.01351357352.20']
Michael Tomasson,['ur.0707031611.51']
Hensin Tsao,['ur.0656033046.08']
Omaida Velazquez,['ur.0615376463.10']
Feroz Papa,['ur.01147037443.33']
Loren Walensky,['ur.01324277771.74']
Ernesto Bernal-Mizrachi,['ur.01101102662.02']
Catherine Bollard,['ur.01125327571.07']
Russ Carstens,['ur.011070650007.71']
Juan Celedón,['ur.01210111627.99']
Charleen Chu,['ur.07665720167.12']
Jonathan Dranoff,['ur.0703642674.64']
Charles Esmon,['ur.01065507416.27']
Nikolaos Frangogiannis,['ur.01255200715.86']
Maura Gillison,['ur.01106271435.77']
Paul Goepfert,['ur.0625272302.13']
Laura Haneline,['ur.0711517452.48']
Tzung Hsiai,['ur.01134672503.93']
Terrie Inder,['ur.0620674221.66']
Bjorn Knollmann,['ur.015045506007.80']
Gary Luker,['ur.0727657075.71']
Mehrdad Matloubian,['ur.0772745010.90']
Franck Mauvais-Jarvis,['ur.0703373116.16']
Raghavendra Mirmira,['ur.0762775110.66']
Lucila Ohno-Machado,['ur.01143047214.87']
Jordan Orange,['ur.0774334672.45']
Muredach Reilly,['ur.013551442357.17']
Constantine Stratakis,['ur.011151216517.08']
Andrew Alspaugh,['ur.014045614114.05']
Kenneth Ataga,['ur.01220231147.23']
James Bradner,['ur.01002551055.27']
Jen-Tsan Chi,['ur.0746365402.76']
Kojo Elenitoba-Johnson,['ur.0654674363.79']
Evanthia Galanis,['ur.014046757077.00']
Terrence Geiger,['ur.01371420370.01']
Michael Kapiloff,['ur.01000532205.19']
Nancy Keating,['ur.01104417227.04']
Darrell Kotton,['ur.01156612166.12']
Christopher Landrigan,['ur.01122604435.71']
Theresa Lu,['ur.01171122331.16']
William Matsui,['ur.01302741605.47']
Flora Sam,['ur.0730324566.85']
Anath Shalev,['ur.01174747033.45']
David Solit,['ur.0656335277.50']
Katalin Susztak,['ur.0732415023.51']
Eric Sweet-Cordero,['ur.01057154336.23']
Joshua Thurman,['ur.011250753545.99']
Xander Wehrens,['ur.0734467474.24']
John Wemmie,['ur.0721745324.62']
Michelle Winn,['ur.0654140477.41']
James Zimring,['ur.0635217446.08']
Rochelle Walensky,['ur.0723304767.87']
Brian Zuckerbraun,['ur.01025663232.84']
Joel Blankson,['ur.0661712365.40']
Jorge Di Paola,['ur.01333402326.06']
Adolfo Ferrando,['ur.0715007174.81']
Keith Flaherty,['ur.01365026210.96']
Jaime Grutzendler,['ur.01313314270.12']
Chyi-Song Hsieh,['ur.011447535552.01']
Ola Landgren,['ur.0651746766.54']
Jonathan Maltzman,['ur.01235523737.30']
Kieren Mather,['ur.01057653066.21']
Hidayatullah Munshi,['ur.01242536354.02']
Nuria Pastor-Soler,['ur.01307642610.92']
Amanda Paulovich,['ur.01262142655.23']
Irina Petrache,['ur.0755302003.05']
Marc Sabatine,['ur.01367356600.00']
Dorry Segev,['ur.01217305616.11']
Michael Shlipak,['ur.013125514737.99']
Fayyaz Sutterwala,['ur.01206027610.86']
Lorraine Ware,['ur.01305004322.38']
Scott Floyd,['ur.0672322664.16']
Benjamin Gewurz,['ur.01067120151.18']
Anne Cappola,['ur.01372326653.64']
Iris Jaffe,['ur.01303277503.36']
Vibha Lama,['ur.01045210302.52']
Sana Al-Khatib,['ur.01241720007.14']
John Amory,['ur.01102707136.86']
Mary Armanios,['ur.01056710562.57']
Carlos Bernal-Mizrachi,['ur.01000340656.51']
Ebony Boulware,['ur.07760362735.09']
Laura Calvi,['ur.01163437623.48']
Andrew Einstein,['ur.0614472645.05']
John Fingert,['ur.0711761543.83']
Kelly Gebo,['ur.0763356577.14']
Wolfram Goessling,['ur.01204140017.27']
Noyan Gokce,['ur.01206146072.36']
Sherita Golden,['ur.01161310313.07']
Priscilla Hsue,['ur.01147711775.28']
Farouc Jaffer,['ur.01124234272.64']
Steven Kawut,['ur.01362671357.72']
Bryan Kestenbaum,['ur.011642263477.11']
Ivan Maillard,['ur.0757222567.42']
Borna Mehrad,['ur.0762766274.13']
Yaël Mossé,['ur.01161336657.05']
Matthias Nahrendorf,['ur.01150220444.39']
Puneet Opal,['ur.01050777706.26']
Jean-Charles Soria,['ur.01225022325.73']
Elizabeth Speliotes,['ur.01201362637.02']
Hans-Guido Wendel,['ur.0736447334.62']
Motoko Yanagita,['ur.0664266345.68']
Gaorav Gupta,['ur.01225632266.74']
Alex Kentsis,['ur.01231737377.70']
Jeniel Nett,['ur.01152513476.12']
Clara Abraham,['ur.01135543255.38']
Rajendra Apte,['ur.0615726070.20']
Hulya Bayir,['ur.01173334407.00']
Alison Bertuch,['ur.01372672770.51']
Jonathan Bogan,['ur.010155215404.24']
G.R. Budinger,['ur.010140303337.54']
Raphaela Goldbach-Mansky,['ur.01073273404.52']
Eric Haura,['ur.01074505475.56']
Gurjit Hershey,['ur.012744603621.79']
Ken Inoki,['ur.0746223072.08']
Catherine Keegan,['ur.011404773207.41']
Celina Kleer,['ur.01230603732.44']
Kenneth Langa,['ur.0647564343.25']
Frederick Masoudi,['ur.01251027006.99']
Linda McAllister-Lucas,['ur.0640007770.66']
Leonid Metelitsa,['ur.01245651625.97']
Ivan Moskowitz,['ur.014260320207.36']
Paul Nghiem,['ur.0717057310.23']
Mark Nicolls,['ur.01364051402.81']
Shuji Ogino,['ur.01006336021.57']
Sophie Paczesny,['ur.0707544173.95']
Akhilesh Reddy,['ur.01053445115.29']
Amr Sawalha,['ur.015226365724.06']
Hans-Willem Snoeck,['ur.01155621056.58']
Lorenz Studer,['ur.0642253700.03']
Viviane Tabar,['ur.01127720751.27']
Jens Titze,['ur.01115624740.06']
Natalie Török,['ur.01245573343.45']
Sing Way,['ur.01035051773.68']
Jedd Wolchok,['ur.0645565266.33']
Theresa Alenghat,['ur.0764061137.20']
Christina Barkauskas,['ur.01132010630.04']
Ethan Goldberg,['ur.0733255332.16']
Jeffery Klco,['ur.0576400340.12']
Anita McElroy,['ur.0607534146.06']
Sudarshan Rajagopal,['ur.01146061502.40']
Christine Iacobuzio-Donahue,['ur.016324315037.55']
Sohail Tavazoie,['ur.01371400664.16']
Jennifer Temel,['ur.01054735246.72']
Muneesh Tewari,['ur.01063436237.05']
Manish Aghi,['ur.01217717045.90']
Ravi Amaravadi,['ur.0734561146.72']
Jennifer Anolik,['ur.01325214006.43']
Elliott Bennett-Guerrero,['ur.0620010140.17']
Thomas Benzing,['ur.01105315753.95']
Renier Brentjens,['ur.01263050511.77']
Michael Fessler,['ur.0722037512.05']
Joachim Ix,['ur.015356647617.45']
Alec Kimmelman,['ur.01210461443.18']
Atsushi Kumanogoh,['ur.01244566417.20']
Mathias Lichterfeld,['ur.01001144433.77']
Steven Lipkin,['ur.011567734677.67']
Thorsten Mempel,['ur.0737642720.88']
János Peti-Peterdi,['ur.0607153637.02']
Ekihiro Seki,['ur.0660041130.56']
William Steinbach,['ur.01051711774.08']
Lynda Stuart,['ur.01315205133.09']
Wolfgang Winkelmayer,['ur.01354524121.05']
Jennifer Alexander-Brett,['ur.0604042027.56']
Shadmehr Demehri,['ur.01330767377.02']
Charles Gawad,['ur.01051561736.35']
Kory Lavine,['ur.01212603713.24']
Bluma Lesch,['ur.01167764670.05']
Anna Molofsky,['ur.0737541257.66']
Sahar Nissim,['ur.0646602476.63']
Vahid Afshar-Kharghan,['ur.0626731255.90']
Balamurali Ambati,['ur.013531474347.30']
Joseph Arron,['ur.010514764655.00']
Kamran Atabai,['ur.0770545255.39']
Jasmohan Bajaj,['ur.0666534530.94']
Trever Bivona,['ur.01025720552.73']
Catherine Blish,['ur.01214745664.12']
Keith Choate,['ur.01125360070.51']
Wonder Drake,['ur.01137202377.23']
Elia Duh,['ur.01127416463.40']
Todd Fehniger,['ur.01346061322.31']
Hitinder Gurm,['ur.0673633560.16']
Melina Kibbe,['ur.0730532315.48']
Pamela Ling,['ur.0772067763.56']
Funda Meric-Bernstam,['ur.01065126442.79']
Andy Minn,['ur.01304251301.12']
Sallie Permar,['ur.0653420277.08']
Carla Pugh,['ur.01356377717.79']
Ivan Rosas,['ur.01107642366.87']
Lecia Sequist,['ur.01272154434.30']
Agata Smogorzewska,['ur.01025167624.38']
Rebecca Sudore,['ur.01252742741.86']
David Tuveson,['ur.01344557251.86']
Koji Yasutomo,['ur.01171407151.99']
Heidi Cook-Andersen,['ur.01241376653.14']
Mariella Filbin,['ur.01104216651.29']
Andrew Intlekofer,['ur.0651360045.44']
Devanand Manoli,['ur.0731162421.11']
Seth Rakoff-Nahoum,['ur.0744452335.27']
Dhakshin Ramanathan,['ur.0726020447.78']
Tiffany Scharschmidt,['ur.01360143743.71']
Aida Habtezion,['ur.01217742035.31']
Reshma Jagsi,['ur.01221741634.15']
Ravindra Majeti,['ur.01252143533.94']
Sarki Abdulkadir,['ur.01151331063.92']
Ash Alizadeh,['ur.01350734042.58']
Nicole Calakos,['ur.0760705217.24']
Sarat Chandarlapaty,['ur.0717331640.11']
Aaron Cypess,['ur.01142301773.01']
Justin Dimick,['ur.01275742424.25']
Ariel Feldstein,['ur.01007031103.93']
Martin Fernandez-Zapico,['ur.012356677447.93']
Alessia Fornoni,['ur.01201546624.28']
Anna Greka,['ur.01225347230.93']
Erica Herzog,['ur.01240201510.36']
Beth Kirkpatrick,['ur.01107067740.47']
Shyamasundaran Kottilil,['ur.014003652657.02']
Mondira Kundu,['ur.0742512260.11']
Jonathan Kurtis,['ur.01162774623.50']
Lona Mody,['ur.0776622753.40']
Thangamani Muthukumar,['ur.01115401722.27']
Ivona Pandrea,['ur.015765661627.12']
Vijay Bhoj,['ur.01130071251.63']
Aaron Carlin,['ur.0674046076.97']
Whitney Harrington,['ur.0771441056.74']
Tamia Harris-Tryon,['ur.012277651022.12']
Kara Maxwell,['ur.01366422751.52']
Kent Mouw,['ur.01331645101.36']
Tamer Sallam,['ur.01020612200.64']
Craig Wilen,['ur.01043721773.73']
Michael Agus,['ur.0611721335.42']
Jodie Babitt,['ur.01270350137.14']
Murat Bastepe,['ur.01317656475.13']
Sudha Biddinger,['ur.01334721411.83']
Paul Bollyky,['ur.01261010362.33']
Jeremy Dittman,['ur.01023564545.38']
Alexandre Dombrovski,['ur.015767744007.71']
Matthew Freiberg,['ur.012232140147.52']
Cary Gross,['ur.0644541224.26']
Saptarsi Haldar,['ur.011650114277.94']
Megan Haymart,['ur.01321343543.15']
Maureen Horton,['ur.01162563617.58']
Leora Horwitz,['ur.0612600561.47']
Yujin Hoshida,['ur.01001522721.19']
Arti Hurria,['ur.01340273066.85']
Rahul Kohli,['ur.01270371277.11']
Suneil Koliwad,['ur.01300606711.41']
Margot Kushel,['ur.0710064446.97']
Nehal Mehta,['ur.01364247030.02']
Ann Mullally,['ur.01234654663.53']
Eirini Papapetrou,['ur.01175455717.64']
Simone Sanna-Cherchi,['ur.0637544657.23']
Brad Spellberg,['ur.01204141712.61']
Charlotte Sumner,['ur.01336640712.23']
David Teachey,['ur.0724555002.86']
Mintu Turakhia,['ur.01265041163.04']
Kareem Zaghloul,['ur.01015255665.57']
Samuel Bakhoum,['ur.01342062715.43']
Elizabeth Bhoj,['ur.01112225651.32']
Keira Cohen,['ur.01076470631.32']
Benjamin Izar,['ur.01030712070.07']
Corrine Kliment,['ur.0610355470.25']
Mark Sellmyer,['ur.01266550211.89']
Tanya Sippy,['ur.0707556420.22']
Joshi Alumkal,['ur.0603711133.51']
Eran Bendavid,['ur.0642551050.54']
Bibiana Bielekova,['ur.01170750371.02']
Barry Borlaug,['ur.0673200436.20']
Marina Caskey,['ur.0753131466.05']
Kafui Dzirasa,['ur.0765703711.66']
Souheil El-Chemaly,['ur.0775001434.11']
Peter Groeneveld,['ur.0763462601.60']
Elliott Haut,['ur.01154073677.02']
Anna Hemnes,['ur.01013105004.73']
Renee Hsia,['ur.0626721046.54']
Dineo Khabele,['ur.01361417762.10']
Scott Kopetz,['ur.01320500077.48']
Siavash Kurdistani,['ur.0635771607.43']
Samia Mora,['ur.0713067525.42']
Nima Mosammaparast,['ur.01161222753.49']
Nicolas Musi,['ur.01130262641.11']
Markus Müschen,['ur.0635415317.27']
Sattva Neelapu,['ur.013107607437.89']
Brian Primack,['ur.015275051047.40']
Jianwen Que,['ur.01102527734.95']
Manuela Raffatellu,['ur.01031553477.19']
Jordan Shavit,['ur.01353465236.93']
Aaron Tobian,['ur.01344661677.25']
Matthew Vander Heiden,['ur.01204736037.13']
Arnold Weissler,['ur.053126143.88']
Jonathan Brestoff,['ur.01353262371.38']
Gaurav Gaiha,['ur.01137537325.80']
Karuna Ganesh,['ur.01262315126.38']
Marie Guerraty,['ur.0624557505.32']
Michael Kattah,['ur.01011433375.48']
Robert Samstein,['ur.01147566056.48']
Santosha Vardhana,['ur.07610707050.75']
Andrew Venteicher,['ur.0711540714.19']
Themistocles Assimes,['ur.0716373565.06']
Julie Bastarache,['ur.0777464651.51']
Gregory Bisson,['ur.01033115570.02']
Katrin Chua,['ur.0774552402.95']
Stephanie Eisenbarth,['ur.01212733661.87']
Amit Gaggar,['ur.0660114053.00']
Santhi Ganesh,['ur.01041573706.30']
Johann Gudjonsson,['ur.01242054035.01']
Alan Hanash,['ur.0667203543.79']
Mark Hatley,['ur.0670106460.27']
Brent Hollenbeck,['ur.01170431256.00']
Erik Ingelsson,['ur.01145654113.82']
Shuta Ishibe,['ur.0577762654.83']
Fasiha Kanwal,['ur.01054747732.03']
James Kochenderfer,['ur.01022631461.07']
Michail Lionakis,['ur.01044511164.71']
Meenakshi Madhur,['ur.07443060614.49']
Denise Marciano,['ur.01261750610.91']
Erica Marsh,['ur.0742116405.08']
Marcela Maus,['ur.0617760334.42']
Javid Moslehi,['ur.0720267646.48']
Lauren Sansing,['ur.01207610716.07']
Daichi Shimbo,['ur.0657425506.62']
Jennifer Taylor-Cousar,['ur.01206322714.70']
Shreyas Vasanawala,['ur.0645560304.68']
Renda Wiener,['ur.01003501106.20']
Jennifer Woyach,['ur.01203627343.88']
Xilma Ortiz-Gonzalez,['ur.0746426567.23']
Muktar Aliyu,['ur.01000217046.81']
Himisha Beltran,['ur.0612157504.96']
Supinda Bunyavanich,['ur.0717207646.45']
Mark Burkard,['ur.0733777727.54']
Nataki Douglas,['ur.01044336330.82']
Brian Edelson,['ur.01240757245.78']
Peter Fecci,['ur.0750523305.07']
Walid Gellad,['ur.0626621021.68']
Peyman Golshani,['ur.0612725321.87']
Petros Karakousis,['ur.0613641725.44']
Purna Kashyap,['ur.01007613452.86']
Anna Köttgen,['ur.01145454311.94']
Philana Lin,['ur.01147736760.42']
Piro Lito,['ur.01116324012.77']
Carey Lumeng,['ur.0721566206.32']
Tippi MacKenzie,['ur.01273256011.82']
Nuala Meyer,['ur.01325122762.14']
Erik Musiek,['ur.01201306234.13']
Peggy Myung,['ur.0642330361.12']
Utpal Pajvani,['ur.01227611626.52']
Chad Pecot,['ur.01234015225.22']
Jalees Rehman,['ur.0611613645.20']
Nasia Safdar,['ur.01350751743.31']
Joanna Steinglass,['ur.0752143106.19']
Nathan Stitziel,['ur.01065735320.09']
Hilary Tindle,['ur.01320225021.62']
Jinoos Yazdany,['ur.01113575266.18']
Julie Zikherman,['ur.0704166426.67']
Serine Avagyan,['ur.0773257256.10']
Jeeyeon Cha,['ur.01345327306.14']
Raghu Chivukula,['ur.01065210026.17']
Carlos Diaz-Balzac,['ur.01073223207.22']
Neir Eshel,['ur.01313320247.74']
Celestine Wanjalla,['ur.01054776357.12']
Suneet Agarwal,['ur.01140173463.29']
Emmanuel Antonarakis,['ur.01050245067.85']
Valerie Arboleda,['ur.0622760450.87']
Ashwin Balagopal,['ur.01031777650.00']
Grant Barish,['ur.01314524742.38']
Ann Chahroudi,['ur.01027071546.34']
William Checkley,['ur.0701142553.39']
Daniel Chertow,['ur.0734560734.09']
Julio Chirinos,['ur.01012127216.20']
Vineet Chopra,['ur.01262352477.33']
Hitesh Deshmukh,['ur.01307323402.77']
Tarek Ashkar,['ur.0716644276.63']
Areej El-Jawahri,['ur.0714551420.04']
Zachary Freyberg,['ur.01054404241.14']
Ankush Gosain,['ur.01277770016.06']
Ronna Hertzano,['ur.01176562041.07']
Lori Jordan,['ur.01351572451.48']
Kristopher Kahle,['ur.01061277120.04']
Rosandra Kaplan,['ur.01232776263.17']
Navin Kapur,['ur.01056327621.83']
Tim Lahm,['ur.0716536315.46']
Scott Lorch,['ur.01346416652.80']
Vincent Marconi,['ur.0632745504.19']
Emanual Maverakis,['ur.01061513235.38']
Saurabh Mehandru,['ur.0734133062.00']
Raina Merchant,['ur.01057507054.23']
Marcella Nunez-Smith,['ur.0771202634.00']
Sara Pai,['ur.01053524376.38']
Matthew Rondina,['ur.01074046201.27']
Mara Schonberg,['ur.0746153667.13']
Julie Schwarz,['ur.0707061024.05']
Mark Siedner,['ur.01362575676.38']
Jason Sperry,['ur.01170444001.02']
Consuelo Wilkins,['ur.0740353704.37']
Rachel Zemans,['ur.01200476165.38']
Shan Zha,['ur.0776545751.25']
William Freed-Pastor,['ur.01361423240.48']
Alexander Gitlin,['ur.01357104206.78']
Gil Hoftman,['ur.0656645312.25']
Kartik Pattabiraman,['ur.01327566116.14']
Carolyn Sangokoya,['ur.0751554667.55']
Jay Sarthy,['ur.0767276205.71']
Josephine Thinwa,['ur.0615333007.52']
Maria  Basil,['ur.07427726171.80']
Glynnis Garry,['ur.0711535432.99']
Sattar Khoshkhoo,['ur.016402323760.15']
Paulo Lizano,['ur.0647533747.03']
Jacqueline Parchem,['ur.014203572140.09']
Sheila Shanmugan,['ur.0734443231.49']
Diana Shi,['ur.011770622237.08']
Joelle Straehla,['ur.01335645364.68']
Brian Sweis,['ur.01315145763.77']
Tobiloba Oni,['ur.015123200237.36']
Joelle  Straehla,['ur.01335645364.68']
Sean Agbor-Enoh,['ur.0707636060.17']
Megan Baldridge,['ur.0633667433.22']
Evan Brittain,['ur.01126107351.55']
Eugenio Cingolani,['ur.0730017155.21']
Brian DeBosch,['ur.0705555013.31']
Courtney DiNardo,['ur.01106306220.13']
Cynthia Gyamfi-Bannerman,['ur.01231067147.32']
Lesley Inker,['ur.01015332750.97']
Yelena Janjigian,['ur.01117753275.35']
Christopher Klebanoff,['ur.01351343672.57']
Joanna Klubo-Gwiezdzinska,['ur.01366223722.25']
Krista Lentine,['ur.0730602411.42']
Josh Levitsky,['ur.01117616661.21']
Harmeet Malhi,['ur.0605731065.94']
Sandeep Mallipattu,['ur.0607235055.77']
Supriya Mohile,['ur.0704273077.38']
Rahmi Oklu,['ur.01042746057.07']
Tiffany Powell-Wiley,['ur.0733152466.52']
Stacey Rentschler,['ur.01254760707.06']
Katy Rezvani,['ur.014105203344.24']
Todd Ridky,['ur.01143741766.44']
Aylin Rodan,['ur.0621704354.13']
Marco Ruella,['ur.0757762374.57']
Cyndya Shibao,['ur.01205732650.11']
Barbara Trautner,['ur.0631447710.41']
Duane Wesemann,['ur.0755035374.92']
Amir Zarrinpar,['ur.010546227027.19']
Elad Ziv,['ur.01052411656.50']
Behdad Afzali,['ur.01205077360.52']
